{
  "Positive electrode exchange-current density [A.m-2]": 2.8427730170115724,
  "Positive electrode diffusivity [m2.s-1]": 2.8287392594715717e-15,
  "Initial concentration in positive electrode [mol.m-3]": 23061.49743085915
}