{
  "Positive electrode exchange-current density [A.m-2]": 2616.0428838596113,
  "Positive electrode diffusivity [m2.s-1]": 7.810799370667501e-13,
  "Initial concentration in positive electrode [mol.m-3]": 5495.253277546123
}