{
  "Positive electrode exchange-current density [A.m-2]": 1888.341239480439,
  "Positive electrode diffusivity [m2.s-1]": 9.99281920405721e-13,
  "Initial concentration in positive electrode [mol.m-3]": 2521.908580883522
}