{
  "Positive electrode exchange-current density [A.m-2]": 1.7792260054341114,
  "Positive electrode diffusivity [m2.s-1]": 2.905181428639185e-13,
  "Initial concentration in positive electrode [mol.m-3]": 780.820603054872
}