{
  "Positive electrode exchange-current density [A.m-2]": 148.13145006428078,
  "Positive electrode diffusivity [m2.s-1]": 9.559154839158355e-13,
  "Initial concentration in positive electrode [mol.m-3]": 5520.802452103613
}