{
  "Positive electrode exchange-current density [A.m-2]": 1498.425575589139,
  "Positive electrode diffusivity [m2.s-1]": 2.9495704819502425e-14,
  "Initial concentration in positive electrode [mol.m-3]": 10164.155015621045
}