{
  "Positive electrode exchange-current density [A.m-2]": 271.5728523845037,
  "Positive electrode diffusivity [m2.s-1]": 2.985560341301541e-14,
  "Initial concentration in positive electrode [mol.m-3]": 35671.84211143764
}