{
  "Positive electrode exchange-current density [A.m-2]": 815.2212957109678,
  "Positive electrode diffusivity [m2.s-1]": 2.2176694486150605e-14,
  "Initial concentration in positive electrode [mol.m-3]": 18652.942928843597
}