{
  "Positive electrode exchange-current density [A.m-2]": 13.074193705693157,
  "Positive electrode diffusivity [m2.s-1]": 6.2957453519400565e-15,
  "Initial concentration in positive electrode [mol.m-3]": 13519.485325722399
}