{
  "Positive electrode exchange-current density [A.m-2]": 4955.098837551619,
  "Positive electrode diffusivity [m2.s-1]": 7.328404350220348e-15,
  "Initial concentration in positive electrode [mol.m-3]": 35175.84655607058
}