{
  "Positive electrode exchange-current density [A.m-2]": 5886.736645720568,
  "Positive electrode diffusivity [m2.s-1]": 2.1441772561204705e-14,
  "Initial concentration in positive electrode [mol.m-3]": 35742.88966887449
}