{
  "Positive electrode exchange-current density [A.m-2]": 4.958425823199324,
  "Positive electrode diffusivity [m2.s-1]": 5.212158229542767e-15,
  "Initial concentration in positive electrode [mol.m-3]": 23203.104061355927
}