{
  "Positive electrode exchange-current density [A.m-2]": 30.085009801812003,
  "Positive electrode diffusivity [m2.s-1]": 7.864931762553145e-14,
  "Initial concentration in positive electrode [mol.m-3]": 18569.8831322417
}