{
  "Positive electrode exchange-current density [A.m-2]": 625.912238440048,
  "Positive electrode diffusivity [m2.s-1]": 1.561360976592192e-14,
  "Initial concentration in positive electrode [mol.m-3]": 20243.826827678196
}