{
  "Positive electrode exchange-current density [A.m-2]": 18.79803077757736,
  "Positive electrode diffusivity [m2.s-1]": 4.551065948224352e-16,
  "Initial concentration in positive electrode [mol.m-3]": 28703.385530618674
}