{
  "Positive electrode exchange-current density [A.m-2]": 2890.161017035737,
  "Positive electrode diffusivity [m2.s-1]": 1.5940591071391626e-13,
  "Initial concentration in positive electrode [mol.m-3]": 1149.4198451653726
}