{
  "Positive electrode exchange-current density [A.m-2]": 1122.7063589190343,
  "Positive electrode diffusivity [m2.s-1]": 9.95824477093575e-13,
  "Initial concentration in positive electrode [mol.m-3]": 1604.6348187967706
}