{
  "Positive electrode exchange-current density [A.m-2]": 5219.822131758205,
  "Positive electrode diffusivity [m2.s-1]": 9.9925563869934e-13,
  "Initial concentration in positive electrode [mol.m-3]": 8253.678501636892
}