{
  "Positive electrode exchange-current density [A.m-2]": 6.18580474872598,
  "Positive electrode diffusivity [m2.s-1]": 2.6725708913425156e-15,
  "Initial concentration in positive electrode [mol.m-3]": 24107.77876389145
}