{
  "Positive electrode exchange-current density [A.m-2]": 9912.418053258047,
  "Positive electrode diffusivity [m2.s-1]": 9.999735209449577e-13,
  "Initial concentration in positive electrode [mol.m-3]": 7547.726445189953
}