{
  "Positive electrode exchange-current density [A.m-2]": 14.782868838879649,
  "Positive electrode diffusivity [m2.s-1]": 1.1893103539910435e-13,
  "Initial concentration in positive electrode [mol.m-3]": 9583.372178868027
}