{
  "Positive electrode exchange-current density [A.m-2]": 262.85310264171403,
  "Positive electrode diffusivity [m2.s-1]": 2.1489919041561255e-13,
  "Initial concentration in positive electrode [mol.m-3]": 19061.467330938565
}