{
  "Positive electrode exchange-current density [A.m-2]": 15.74533110285438,
  "Positive electrode diffusivity [m2.s-1]": 1.6134277494278376e-13,
  "Initial concentration in positive electrode [mol.m-3]": 9658.000324110866
}