{
  "Positive electrode exchange-current density [A.m-2]": 12.22728462274819,
  "Positive electrode diffusivity [m2.s-1]": 7.052773617810072e-15,
  "Initial concentration in positive electrode [mol.m-3]": 12195.376526612115
}