{
  "Positive electrode exchange-current density [A.m-2]": 8.835912549876388,
  "Positive electrode diffusivity [m2.s-1]": 1.5409581943504035e-14,
  "Initial concentration in positive electrode [mol.m-3]": 13375.352169259322
}