{
  "Positive electrode exchange-current density [A.m-2]": 7722.383202320549,
  "Positive electrode diffusivity [m2.s-1]": 9.999035220963232e-13,
  "Initial concentration in positive electrode [mol.m-3]": 3095.6789160155895
}