{
  "Positive electrode exchange-current density [A.m-2]": 10.10577346962822,
  "Positive electrode diffusivity [m2.s-1]": 1.1504737892654056e-16,
  "Initial concentration in positive electrode [mol.m-3]": 30847.862505566274
}