{
  "Positive electrode exchange-current density [A.m-2]": 4.986611699812788,
  "Positive electrode diffusivity [m2.s-1]": 2.0900239228324943e-15,
  "Initial concentration in positive electrode [mol.m-3]": 25362.346346897913
}