{
  "Positive electrode exchange-current density [A.m-2]": 14.65690034269547,
  "Positive electrode diffusivity [m2.s-1]": 1.2070404741540108e-14,
  "Initial concentration in positive electrode [mol.m-3]": 13971.146798624515
}