{
  "Positive electrode exchange-current density [A.m-2]": 9.732358376981352,
  "Positive electrode diffusivity [m2.s-1]": 1.5989688456194803e-15,
  "Initial concentration in positive electrode [mol.m-3]": 27348.718900433083
}