{
  "Positive electrode exchange-current density [A.m-2]": 4.866522976540384,
  "Positive electrode diffusivity [m2.s-1]": 1.2071710562872391e-14,
  "Initial concentration in positive electrode [mol.m-3]": 21629.968307328803
}