{
  "Positive electrode exchange-current density [A.m-2]": 176.2443582705677,
  "Positive electrode diffusivity [m2.s-1]": 7.517126382311022e-13,
  "Initial concentration in positive electrode [mol.m-3]": 3962.8549575264033
}