{
  "Positive electrode exchange-current density [A.m-2]": 2287.4502776559275,
  "Positive electrode diffusivity [m2.s-1]": 2.1883916201921822e-14,
  "Initial concentration in positive electrode [mol.m-3]": 19345.62117101132
}