{
  "Positive electrode exchange-current density [A.m-2]": 14.675712695412727,
  "Positive electrode diffusivity [m2.s-1]": 1.3632239887393294e-15,
  "Initial concentration in positive electrode [mol.m-3]": 13762.704975150467
}