{
  "Positive electrode exchange-current density [A.m-2]": 5.292166614341548,
  "Positive electrode diffusivity [m2.s-1]": 3.160551091547182e-15,
  "Initial concentration in positive electrode [mol.m-3]": 25263.559453416867
}