{
  "Positive electrode exchange-current density [A.m-2]": 8.205660657892345,
  "Positive electrode diffusivity [m2.s-1]": 4.554795046062462e-15,
  "Initial concentration in positive electrode [mol.m-3]": 25222.988525454806
}