{
  "Positive electrode exchange-current density [A.m-2]": 10.809016876860742,
  "Positive electrode diffusivity [m2.s-1]": 2.7156783749934602e-15,
  "Initial concentration in positive electrode [mol.m-3]": 12537.219293298234
}