{
  "Positive electrode exchange-current density [A.m-2]": 2941.18415251729,
  "Positive electrode diffusivity [m2.s-1]": 9.626257927572545e-15,
  "Initial concentration in positive electrode [mol.m-3]": 20200.622809645298
}