{
  "Positive electrode exchange-current density [A.m-2]": 43.09225397572027,
  "Positive electrode diffusivity [m2.s-1]": 4.607097849668598e-14,
  "Initial concentration in positive electrode [mol.m-3]": 35609.97489604029
}