{
  "Positive electrode exchange-current density [A.m-2]": 23.629686016087533,
  "Positive electrode diffusivity [m2.s-1]": 2.244392621168655e-14,
  "Initial concentration in positive electrode [mol.m-3]": 34798.3581775589
}