{
  "Positive electrode exchange-current density [A.m-2]": 11.273654027058278,
  "Positive electrode diffusivity [m2.s-1]": 3.580823748985718e-15,
  "Initial concentration in positive electrode [mol.m-3]": 32308.199763275265
}