{
  "Positive electrode exchange-current density [A.m-2]": 21.07821441283142,
  "Positive electrode diffusivity [m2.s-1]": 1.14819434605035e-14,
  "Initial concentration in positive electrode [mol.m-3]": 35067.67660600174
}