{
  "Positive electrode exchange-current density [A.m-2]": 878.156895608872,
  "Positive electrode diffusivity [m2.s-1]": 2.3988723463722603e-14,
  "Initial concentration in positive electrode [mol.m-3]": 20208.522708630546
}