{
  "Positive electrode exchange-current density [A.m-2]": 6.711617494387277,
  "Positive electrode diffusivity [m2.s-1]": 4.2446077808084736e-16,
  "Initial concentration in positive electrode [mol.m-3]": 23711.179136049926
}