{
  "Positive electrode exchange-current density [A.m-2]": 28.4579626813172,
  "Positive electrode diffusivity [m2.s-1]": 6.0209304826647584e-15,
  "Initial concentration in positive electrode [mol.m-3]": 11783.018112532973
}