{
  "Positive electrode exchange-current density [A.m-2]": 1579.6895816448887,
  "Positive electrode diffusivity [m2.s-1]": 1.247965041267165e-14,
  "Initial concentration in positive electrode [mol.m-3]": 21776.03102527048
}