{
  "Positive electrode exchange-current density [A.m-2]": 20.269534492637288,
  "Positive electrode diffusivity [m2.s-1]": 5.1180820586329735e-14,
  "Initial concentration in positive electrode [mol.m-3]": 17980.33173005067
}