{
  "Positive electrode exchange-current density [A.m-2]": 47.13166567094018,
  "Positive electrode diffusivity [m2.s-1]": 1.2185745696722122e-13,
  "Initial concentration in positive electrode [mol.m-3]": 4761.7217186582775
}