{
  "Positive electrode exchange-current density [A.m-2]": 20.644486488909315,
  "Positive electrode diffusivity [m2.s-1]": 1.398504247001345e-14,
  "Initial concentration in positive electrode [mol.m-3]": 17303.957475589163
}