{
  "Positive electrode exchange-current density [A.m-2]": 16.83635905939169,
  "Positive electrode diffusivity [m2.s-1]": 4.6033007269033743e-14,
  "Initial concentration in positive electrode [mol.m-3]": 20113.137161435614
}