{
  "Positive electrode exchange-current density [A.m-2]": 346.2955494220795,
  "Positive electrode diffusivity [m2.s-1]": 9.845101462094357e-13,
  "Initial concentration in positive electrode [mol.m-3]": 7733.003504058343
}