{
  "Positive electrode exchange-current density [A.m-2]": 11.794354209458259,
  "Positive electrode diffusivity [m2.s-1]": 2.7393534363315645e-15,
  "Initial concentration in positive electrode [mol.m-3]": 31876.680314915084
}