{
  "Positive electrode exchange-current density [A.m-2]": 157.5925493160462,
  "Positive electrode diffusivity [m2.s-1]": 1.5060757254566658e-14,
  "Initial concentration in positive electrode [mol.m-3]": 19826.205712230287
}