{
  "Positive electrode exchange-current density [A.m-2]": 49.88354036413048,
  "Positive electrode diffusivity [m2.s-1]": 9.736166353199939e-13,
  "Initial concentration in positive electrode [mol.m-3]": 8824.33492955019
}