{
  "Positive electrode exchange-current density [A.m-2]": 13.039127822004994,
  "Positive electrode diffusivity [m2.s-1]": 3.590061092568822e-15,
  "Initial concentration in positive electrode [mol.m-3]": 30645.02481785824
}