{
  "Positive electrode exchange-current density [A.m-2]": 1205.3455600160987,
  "Positive electrode diffusivity [m2.s-1]": 6.109697999493468e-14,
  "Initial concentration in positive electrode [mol.m-3]": 35906.58760211028
}