{
  "Positive electrode exchange-current density [A.m-2]": 537.0046457089559,
  "Positive electrode diffusivity [m2.s-1]": 1.5770534500090964e-13,
  "Initial concentration in positive electrode [mol.m-3]": 5100.483951871132
}