{
  "Positive electrode exchange-current density [A.m-2]": 7.835548498904709,
  "Positive electrode diffusivity [m2.s-1]": 3.4389378180435932e-15,
  "Initial concentration in positive electrode [mol.m-3]": 24659.592763795285
}