{
  "Positive electrode exchange-current density [A.m-2]": 9.063180606520497,
  "Positive electrode diffusivity [m2.s-1]": 3.746868610732216e-15,
  "Initial concentration in positive electrode [mol.m-3]": 27462.702898760057
}