{
  "Positive electrode exchange-current density [A.m-2]": 21.015398616881953,
  "Positive electrode diffusivity [m2.s-1]": 3.8039817147357263e-14,
  "Initial concentration in positive electrode [mol.m-3]": 27890.810847080673
}