{
  "Positive electrode exchange-current density [A.m-2]": 1286.1467954055297,
  "Positive electrode diffusivity [m2.s-1]": 8.444520376637414e-13,
  "Initial concentration in positive electrode [mol.m-3]": 6725.860307321961
}