{
  "Positive electrode exchange-current density [A.m-2]": 5009.181313654374,
  "Positive electrode diffusivity [m2.s-1]": 2.1050757184882483e-14,
  "Initial concentration in positive electrode [mol.m-3]": 35754.42193482044
}