{
  "Positive electrode exchange-current density [A.m-2]": 48.572356445457544,
  "Positive electrode diffusivity [m2.s-1]": 5.0983530936050015e-14,
  "Initial concentration in positive electrode [mol.m-3]": 18711.554687627588
}