{
  "Positive electrode exchange-current density [A.m-2]": 6298.74471622313,
  "Positive electrode diffusivity [m2.s-1]": 1.5333596087697827e-14,
  "Initial concentration in positive electrode [mol.m-3]": 10570.057432359248
}