{
  "Positive electrode exchange-current density [A.m-2]": 15.72683213220998,
  "Positive electrode diffusivity [m2.s-1]": 1.9271715460691392e-14,
  "Initial concentration in positive electrode [mol.m-3]": 11102.288398799188
}