{
  "Positive electrode exchange-current density [A.m-2]": 7208.020778289048,
  "Positive electrode diffusivity [m2.s-1]": 7.888317210054766e-13,
  "Initial concentration in positive electrode [mol.m-3]": 8161.168434514756
}