{
  "Positive electrode exchange-current density [A.m-2]": 1874.571128156719,
  "Positive electrode diffusivity [m2.s-1]": 9.971451806865512e-13,
  "Initial concentration in positive electrode [mol.m-3]": 3667.6282306108615
}