{
  "Positive electrode exchange-current density [A.m-2]": 8272.449257131368,
  "Positive electrode diffusivity [m2.s-1]": 1.0562945648605532e-13,
  "Initial concentration in positive electrode [mol.m-3]": 19196.512608274734
}