{"fit": {"parameters": [0.4543285624883345, -17.32647996033224, 0.041063414457503666, 0.12055509822567907, -0.8459397342329221, 0.6954447029903085, 0.08731537326408924, -16.489329547867424, 0.26349188255218786], "SOC_range": [3.396275736573459e-05, 0.9494972073037743], "E_0": [0.4543285624883345, 0.12055509822567907, 0.08731537326408924], "a": [-17.32647996033224, -0.8459397342329221, -16.489329547867424], "\u0394x": [0.041063414457503666, 0.6954447029903085, 0.26349188255218786]}, "data": {"SOC": [1.0, 0.9852843067472047, 0.970568810090183, 0.9558530791594568, 0.941137450979793, 0.9264220481802834, 0.9117064362584372, 0.8969906914160204, 0.8822749109771635, 0.8675591435010274, 0.852843497681896, 0.8381279963809328, 0.823412425051688, 0.8086970631149194, 0.7939817080394368, 0.7792662987585631, 0.7645509649499158, 0.7498355075371363, 0.7351197969602895, 0.7204043904108303, 0.7056890159123222, 0.6909736248430172, 0.6762582398486615, 0.6615428050300203, 0.6468274225120878, 0.6321119872895489, 0.6173965644434891, 0.6026810911821954, 0.5879652870332339, 0.5732498040793856, 0.5585341569578639, 0.5438185376683755, 0.5291028526945611, 0.5143872243407391, 0.4996714394779326, 0.4849559923497333, 0.4702405655062245, 0.45552511262738904, 0.44080973804256895, 0.42609425342404983, 0.4113789211857297, 0.3966635736300794, 0.3819481074655863, 0.36723257008908594, 0.3525171005780672, 0.3378017501451964, 0.32308641228525137, 0.3083710209235041, 0.2936556384792256, 0.27894031361491833, 0.2642247969789242, 0.24950940171817948, 0.23479401343777817, 0.22007863301853436, 0.205363110384725, 0.19064762599920237, 0.17593215252872552, 0.16121679025326696, 0.14650110747801215, 0.13178553632842416, 0.11706995884241567, 0.10235427712085654, 0.08763859737414026, 0.07292312019119884, 0.05820746702800228, 0.04349176321706694, 0.0287760619005768, 0.01406041885015874, 0.0], "OCV": [0.03604190704520489, 0.05367288875782142, 0.06960130821901787, 0.07975555538967233, 0.08322633611220535, 0.08433239732340925, 0.08557003293138628, 0.08563444030848014, 0.08644682509317156, 0.08659701622497694, 0.0872185531926717, 0.0873299558853859, 0.08758088747717906, 0.0876564843908774, 0.0877199503197102, 0.08792201622729119, 0.08802879700027658, 0.08962916516332127, 0.08942750297667565, 0.08838532163921718, 0.0886411659798307, 0.08808111194363999, 0.08848457566375922, 0.08851631661864558, 0.08869297582074585, 0.08844596953659531, 0.08842137182638465, 0.08861071236032148, 0.0883784334308168, 0.08845244952560007, 0.08799316220348839, 0.08788865900833896, 0.08797144217965566, 0.10607035353318886, 0.11789897712787095, 0.11964010381408434, 0.12133679609525842, 0.12176444459153907, 0.12208797110257233, 0.1231096013904924, 0.12354694894986414, 0.12408545480494022, 0.12473261564453561, 0.12460473075862899, 0.1253080433904921, 0.12547544228210689, 0.12555307237539895, 0.12583573780943713, 0.12668721485810758, 0.12690151156933335, 0.1277190235622127, 0.12894006150324674, 0.1310993023846276, 0.13262399943597694, 0.1403347559985986, 0.15137348092735184, 0.16034566165420686, 0.1729264475424367, 0.1845638834038037, 0.19738913874076117, 0.20653495925220797, 0.20969698941464002, 0.21060072420142487, 0.2119565054798598, 0.22835978723085348, 0.28217297019773974, 0.3536114555098558, 0.4553068099216465, 0.6140207537244251]}, "balancing": {"SOC_offset": 1.0, "SOC_scale": 1.0}, "optimize_result": {"nit": 101, "nfev": 1023, "njev": 93, "nhev": 0, "cg_niter": 511, "cg_stop_cond": 4, "fun": 0.0690850827372222, "grad": [0.04708371825501953, 0.0005169351163455454, -4.791894956954933e-06, 7.741134738527535e-09, 1.6405069872017143e-08, 5.0745175435802556e-08, -7.170419675343083e-12, 2.412146479499584e-07, 4.0370035132633935e-07, 1.9388668691683898e-10], "lagrangian_grad": [1.0887124535230441e-14, 2.963753374662925e-13, -3.0238361897153444e-12, 7.669727206098284e-09, 3.164856064401936e-10, 1.4254490464144032e-09, -1.3479894703715318e-09, 2.778411224588386e-11, -2.0991122328992333e-11, -1.44214034442844e-09], "constr": [[0.30455529700969153], [-0.05319088757390774, 1.0000357704814387, 0.08731537326408924, 42.27684250882808, 0.26349188255218786, 0.4543285624883345, 6.923053777003266, 0.041063414457503666, 0.12055509822567907, 5.724457482924464]], "jac": [[[0.0, 0.0, 0.0, 0.0, 1.0, 0.0, 0.0, 1.0, 0.0, 0.0]], [[1.0, 0.0, 0.0, 0.0, 0.0, 0.0, 0.0, 0.0, 0.0, 0.0], [0.0, 1.0, 0.0, 0.0, 0.0, 0.0, 0.0, 0.0, 0.0, 0.0], [0.0, 0.0, 1.0, 0.0, 0.0, 0.0, 0.0, 0.0, 0.0, 0.0], [0.0, 0.0, 0.0, 1.0, 0.0, 0.0, 0.0, 0.0, 0.0, 0.0], [0.0, 0.0, 0.0, 0.0, 1.0, 0.0, 0.0, 0.0, 0.0, 0.0], [0.0, 0.0, 0.0, 0.0, 0.0, 1.0, 0.0, 0.0, 0.0, 0.0], [0.0, 0.0, 0.0, 0.0, 0.0, 0.0, 1.0, 0.0, 0.0, 0.0], [0.0, 0.0, 0.0, 0.0, 0.0, 0.0, 0.0, 1.0, 0.0, 0.0], [0.0, 0.0, 0.0, 0.0, 0.0, 0.0, 0.0, 0.0, 1.0, 0.0], [0.0, 0.0, 0.0, 0.0, 0.0, 0.0, 0.0, 0.0, 0.0, 1.0]]], "constr_nfev": [0, 0], "constr_njev": [0, 0], "constr_nhev": [0, 0], "v": [[1.401256577037936e-08], [-0.04708371825500864, -0.0005169351160491701, 4.791891933118743e-06, -7.14075324292513e-11, -3.010115003595631e-08, -4.931972638938815e-08, -1.3408190506961887e-09, -2.551994296080919e-07, -4.0372134244866834e-07, -1.636027031345279e-09]], "method": "tr_interior_point", "x": [3.396275736573459e-05, 0.9494972073037743, 0.08731537326408924, -16.489329547867424, 0.26349188255218786, 0.4543285624883345, -17.32647996033224, 0.041063414457503666, 0.12055509822567907, -0.8459397342329221], "optimality": 7.669727206098284e-09, "constr_violation": 0.0, "execution_time": 0.8055109977722168, "tr_radius": 2817891.3779435284, "constr_penalty": 1.0, "barrier_parameter": 1.0240000000000006e-08, "barrier_tolerance": 1.0240000000000006e-08, "status": 1, "niter": 101, "success": true, "message": "`gtol` termination condition is satisfied."}, "spline": {"knots": [0.001, 0.011030150753768845, 0.016045226130653265, 0.02106030150753769, 0.02607537688442211, 0.031090452261306533, 0.03610552763819096, 0.04112060301507538, 0.0461356783919598, 0.05115075376884422, 0.056165829145728645, 0.061180904522613065, 0.06619597989949749, 0.07121105527638191, 0.07622613065326633, 0.08124120603015075, 0.09628643216080401, 0.12637688442211056, 0.19157286432160803, 0.2517537688442211, 0.37713065326633166, 0.5025075376884423, 0.5677035175879397, 0.6278844221105527, 0.7532613065326633, 0.8184572864321608, 0.8786381909547738, 0.938819095477387, 0.9689095477386934, 0.9839547738693467, 0.9939849246231156, 0.999], "coefficients": [0.45963228463813727, 0.4583153238128472, 0.452567731625378, 0.46066613904274817, 0.4441525236825066, 0.4672462756423471, 0.43256882346467573, 0.47733919754682486, 0.32631412004011373, 0.2225344243461666, 0.2665719837129259, 0.21252041509060116, 0.23664807261506018, 0.20835090957540087, 0.21689838509864875, 0.20579318180873915, 0.19987818494144607, 0.18597146575851353, 0.16778841589694984, 0.15201562647584102, 0.1331208067339349, 0.11215117717097192, 0.09314232352914653, 0.08934211702201009, 0.08749080817024002, 0.08515796470535808, 0.08242452151952737, 0.06462379160045341, 0.04208551406188984, 0.020256670276202957, -0.001739376054398296, -0.03435714054063272, -0.07813884098627644]},