{"SOC [C]": [-0.16795242767088336, -0.33590596835253694, -0.5038572652420895, -0.6718112359505038, -0.8397640339377661, -1.007714259610272, -1.17566687204338, -1.3436210015290695, -1.5115755372849935, -1.6795299250944504, -1.8474829244049507, -2.015434274296861, -2.1833864234374136, -2.3513361827342, -2.519285863721575, -2.687236163367357, -2.855185601631523, -3.0231364506176504, -3.1910901890226286, -3.3590404574941597, -3.5269903601609234, -3.6949404519539484, -3.8628904744121995, -4.030841065526308, -4.1987910597205795, -4.366741655444464, -4.534692109912789, -4.702643139781601, -4.870597946146319, -5.038549086638451, -5.206502100813427, -5.374454797335104, -5.542408243526873, -5.710361043501842, -5.878315629749306, -6.0462663613551895, -6.214216861447305, -6.382167658686503, -6.550117562338365, -6.718068721829762, -6.886018142171428, -7.053967737333254, -7.221918686204672, -7.38987044783486, -7.557821434900932, -7.725771062901127, -7.893720547403672, -8.061670642534406, -8.229620635888049, -8.397569972068435, -8.565521496982527, -8.733471636613402, -8.901421696576037, -9.0693716668175, -9.237323260186015, -9.40527441701817, -9.573225449274435, -9.741175212436767, -9.909128633535877, -10.077080780625964, -10.245033000035054, -10.412986409108097, -10.580939795641811, -10.748890870269275, -10.916843953399257, -11.084797614583353, -11.252751247297782, -11.420704215008332, -11.581178960491535], "OCV [V]": [0.6140207537244251, 0.4553068099216465, 0.3536114555098558, 0.28217297019773974, 0.22835978723085348, 0.2119565054798598, 0.21060072420142487, 0.20969698941464002, 0.20653495925220797, 0.19738913874076117, 0.1845638834038037, 0.1729264475424367, 0.16034566165420686, 0.15137348092735184, 0.1403347559985986, 0.13262399943597694, 0.1310993023846276, 0.12894006150324674, 0.1277190235622127, 0.12690151156933335, 0.12668721485810758, 0.12583573780943713, 0.12555307237539895, 0.12547544228210689, 0.1253080433904921, 0.12460473075862899, 0.12473261564453561, 0.12408545480494022, 0.12354694894986414, 0.1231096013904924, 0.12208797110257233, 0.12176444459153907, 0.12133679609525842, 0.11964010381408434, 0.11789897712787095, 0.10607035353318886, 0.08797144217965566, 0.08788865900833896, 0.08799316220348839, 0.08845244952560007, 0.0883784334308168, 0.08861071236032148, 0.08842137182638465, 0.08844596953659531, 0.08869297582074585, 0.08851631661864558, 0.08848457566375922, 0.08808111194363999, 0.0886411659798307, 0.08838532163921718, 0.08942750297667565, 0.08962916516332127, 0.08802879700027658, 0.08792201622729119, 0.0877199503197102, 0.0876564843908774, 0.08758088747717906, 0.0873299558853859, 0.0872185531926717, 0.08659701622497694, 0.08644682509317156, 0.08563444030848014, 0.08557003293138628, 0.08433239732340925, 0.08322633611220535, 0.07975555538967233, 0.06960130821901787, 0.05367288875782142, 0.03604190704520489], "indices": [1, 3, 5, 7, 9, 11, 13, 15, 17, 19, 21, 23, 25, 27, 29, 31, 33, 35, 37, 39, 41, 43, 45, 47, 49, 51, 53, 55, 57, 59, 61, 63, 65, 67, 69, 71, 73, 75, 77, 79, 81, 83, 85, 87, 89, 91, 93, 95, 97, 99, 101, 103, 105, 107, 109, 111, 113, 115, 117, 119, 121, 123, 125, 127, 129, 131, 133, 135, 137], "Negative electrode SOC [-]": [0.9494972073037743, 0.9361473564026211, 0.9221753942063844, 0.9082033766886538, 0.8942313568025392, 0.8802593850045909, 0.8662875802934267, 0.8523155832554036, 0.8383435843423398, 0.8243716843971001, 0.8103997904680588, 0.7964277905545496, 0.782456094943817, 0.7684842937575014, 0.754512482207751, 0.7405406343426583, 0.7265689215050684, 0.7125972012035984, 0.6986254742745488, 0.6846536321041612, 0.6706819720139416, 0.6567102572536556, 0.6427385340265609, 0.6287668615974609, 0.61479517723083, 0.6008233798038743, 0.5868515179411384, 0.5728797236915859, 0.5589080420567701, 0.5449363749651963, 0.5309645631942244, 0.5169928558962054, 0.5030210742608964, 0.4890493173451732, 0.475077541169882, 0.4611054443279947, 0.4471334960856358, 0.43316149408467514, 0.4191895544485678, 0.40521758838696775, 0.3912457781965396, 0.3772736630431571, 0.3633018620554533, 0.34933010893516103, 0.33535834406385673, 0.32138662923363903, 0.30741486474582075, 0.2934431475643303, 0.27947142461489866, 0.26549971739882977, 0.2515279797515607, 0.2375559534414618, 0.22358416750133972, 0.209612498918798, 0.19564075867815134, 0.18166906990353116, 0.16769737461437212, 0.1537254805147532, 0.1397536529044138, 0.12578168807938558, 0.11180960774550287, 0.09783751510399323, 0.08386545625999511, 0.06989352361919318, 0.05592178953236353, 0.041949841455361306, 0.027977795820002073, 0.014005972618914467, 3.396275736573459e-05]}