{"SOC [C]": [-0.16795242767088336, -0.33590596835253694, -0.5038572652420895, -0.6718112359505038, -0.8397640339377661, -1.007714259610272, -1.17566687204338, -1.3436210015290695, -1.5115755372849935, -1.6795299250944504, -1.8474829244049507, -2.015434274296861, -2.1833864234374136, -2.3513361827342, -2.519285863721575, -2.687236163367357, -2.855185601631523, -3.0231364506176504, -3.1910901890226286, -3.3590404574941597, -3.5269903601609234, -3.6949404519539484, -3.8628904744121995, -4.030841065526308, -4.1987910597205795, -4.366741655444464, -4.534692109912789, -4.702643139781601, -4.870597946146319, -5.038549086638451, -5.206502100813427, -5.374454797335104, -5.542408243526873, -5.710361043501842, -5.878315629749306, -6.0462663613551895, -6.214216861447305, -6.382167658686503, -6.550117562338365, -6.718068721829762, -6.886018142171428, -7.053967737333254, -7.221918686204672, -7.38987044783486, -7.557821434900932, -7.725771062901127, -7.893720547403672, -8.061670642534406, -8.229620635888049, -8.397569972068435, -8.565521496982527, -8.733471636613402, -8.901421696576037, -9.0693716668175, -9.237323260186015, -9.40527441701817, -9.573225449274435, -9.741175212436767, -9.909128633535877, -10.077080780625964, -10.245033000035054, -10.412986409108097, -10.580939795641811, -10.748890870269275, -10.916843953399257, -11.084797614583353, -11.252751247297782, -11.420704215008332, -11.581178960491535], "OCV [V]": [0.6140207537244251, 0.4553068099216465, 0.3536114555098558, 0.28217297019773974, 0.22835978723085348, 0.2119565054798598, 0.21060072420142487, 0.20969698941464002, 0.20653495925220797, 0.19738913874076117, 0.1845638834038037, 0.1729264475424367, 0.16034566165420686, 0.15137348092735184, 0.1403347559985986, 0.13262399943597694, 0.1310993023846276, 0.12894006150324674, 0.1277190235622127, 0.12690151156933335, 0.12668721485810758, 0.12583573780943713, 0.12555307237539895, 0.12547544228210689, 0.1253080433904921, 0.12460473075862899, 0.12473261564453561, 0.12408545480494022, 0.12354694894986414, 0.1231096013904924, 0.12208797110257233, 0.12176444459153907, 0.12133679609525842, 0.11964010381408434, 0.11789897712787095, 0.10607035353318886, 0.08797144217965566, 0.08788865900833896, 0.08799316220348839, 0.08845244952560007, 0.0883784334308168, 0.08861071236032148, 0.08842137182638465, 0.08844596953659531, 0.08869297582074585, 0.08851631661864558, 0.08848457566375922, 0.08808111194363999, 0.0886411659798307, 0.08838532163921718, 0.08942750297667565, 0.08962916516332127, 0.08802879700027658, 0.08792201622729119, 0.0877199503197102, 0.0876564843908774, 0.08758088747717906, 0.0873299558853859, 0.0872185531926717, 0.08659701622497694, 0.08644682509317156, 0.08563444030848014, 0.08557003293138628, 0.08433239732340925, 0.08322633611220535, 0.07975555538967233, 0.06960130821901787, 0.05367288875782142, 0.03604190704520489], "indices": [1, 3, 5, 7, 9, 11, 13, 15, 17, 19, 21, 23, 25, 27, 29, 31, 33, 35, 37, 39, 41, 43, 45, 47, 49, 51, 53, 55, 57, 59, 61, 63, 65, 67, 69, 71, 73, 75, 77, 79, 81, 83, 85, 87, 89, 91, 93, 95, 97, 99, 101, 103, 105, 107, 109, 111, 113, 115, 117, 119, 121, 123, 125, 127, 129, 131, 133, 135, 137], "Negative electrode SOC [-]": [0.9999991260565786, 0.9859387207704398, 0.9712230919161333, 0.956507404795811, 0.9417917151810459, 0.9270760762139707, 0.9123606132269808, 0.8976449476764116, 0.8829292801510014, 0.8682137168610412, 0.8534981599074954, 0.8387824913283906, 0.8240671432487727, 0.809351683974244, 0.7946362137846799, 0.7799207053468659, 0.7652053391234803, 0.7504899650389448, 0.7357745839740727, 0.7210590815340683, 0.7063437708655657, 0.6916284026171473, 0.6769130254512689, 0.662197701787141, 0.6474823655500995, 0.632766910235025, 0.6180513870545343, 0.6033359350859822, 0.5886206017261584, 0.57390528368365, 0.5591898132610896, 0.5444744528721221, 0.5297590141892149, 0.5150436015416091, 0.5003281686093325, 0.48561239794277433, 0.4708967837850498, 0.45618111300738745, 0.44146550791398775, 0.4267498749885815, 0.41203440623069043, 0.397318616277996, 0.38260315721265004, 0.36788774856248946, 0.35317232753586164, 0.33845695921378943, 0.3237415385910589, 0.3090261677925659, 0.2943107909191294, 0.2795954306164739, 0.26488003826289813, 0.250164341882228, 0.23544889866538107, 0.22073357905254704, 0.20601818396755944, 0.19130284308791065, 0.17658749534698248, 0.16187193821378004, 0.1471564511087917, 0.13244081948577466, 0.11772506620587017, 0.1030092999632574, 0.08829356931705043, 0.07357797159128578, 0.05886258298765605, 0.04414696900408944, 0.02943125226955962, 0.014715769808508344, 9.075187306504422e-08]}