{"fit": {"parameters": [0.228360036975706, -0.5754982719681626, 0.17040245711448282, 0.11789910897556077, -1.798653353715041, 0.5771945488092826, 0.08772221351583766, -37.01366856107025, 0.2524029940762347], "SOC_range": [9.075187306504422e-08, 0.9999991260565786], "E_0": [0.228360036975706, 0.11789910897556077, 0.08772221351583766], "a": [-0.5754982719681626, -1.798653353715041, -37.01366856107025], "\u0394x": [0.17040245711448282, 0.5771945488092826, 0.2524029940762347]}, "data": {"SOC": [1.0, 0.9852843067472047, 0.970568810090183, 0.9558530791594568, 0.941137450979793, 0.9264220481802834, 0.9117064362584372, 0.8969906914160204, 0.8822749109771635, 0.8675591435010274, 0.852843497681896, 0.8381279963809328, 0.823412425051688, 0.8086970631149194, 0.7939817080394368, 0.7792662987585631, 0.7645509649499158, 0.7498355075371363, 0.7351197969602895, 0.7204043904108303, 0.7056890159123222, 0.6909736248430172, 0.6762582398486615, 0.6615428050300203, 0.6468274225120878, 0.6321119872895489, 0.6173965644434891, 0.6026810911821954, 0.5879652870332339, 0.5732498040793856, 0.5585341569578639, 0.5438185376683755, 0.5291028526945611, 0.5143872243407391, 0.4996714394779326, 0.4849559923497333, 0.4702405655062245, 0.45552511262738904, 0.44080973804256895, 0.42609425342404983, 0.4113789211857297, 0.3966635736300794, 0.3819481074655863, 0.36723257008908594, 0.3525171005780672, 0.3378017501451964, 0.32308641228525137, 0.3083710209235041, 0.2936556384792256, 0.27894031361491833, 0.2642247969789242, 0.24950940171817948, 0.23479401343777817, 0.22007863301853436, 0.205363110384725, 0.19064762599920237, 0.17593215252872552, 0.16121679025326696, 0.14650110747801215, 0.13178553632842416, 0.11706995884241567, 0.10235427712085654, 0.08763859737414026, 0.07292312019119884, 0.05820746702800228, 0.04349176321706694, 0.0287760619005768, 0.01406041885015874, 0.0], "OCV": [0.03604190704520489, 0.05367288875782142, 0.06960130821901787, 0.07975555538967233, 0.08322633611220535, 0.08433239732340925, 0.08557003293138628, 0.08563444030848014, 0.08644682509317156, 0.08659701622497694, 0.0872185531926717, 0.0873299558853859, 0.08758088747717906, 0.0876564843908774, 0.0877199503197102, 0.08792201622729119, 0.08802879700027658, 0.08962916516332127, 0.08942750297667565, 0.08838532163921718, 0.0886411659798307, 0.08808111194363999, 0.08848457566375922, 0.08851631661864558, 0.08869297582074585, 0.08844596953659531, 0.08842137182638465, 0.08861071236032148, 0.0883784334308168, 0.08845244952560007, 0.08799316220348839, 0.08788865900833896, 0.08797144217965566, 0.10607035353318886, 0.11789897712787095, 0.11964010381408434, 0.12133679609525842, 0.12176444459153907, 0.12208797110257233, 0.1231096013904924, 0.12354694894986414, 0.12408545480494022, 0.12473261564453561, 0.12460473075862899, 0.1253080433904921, 0.12547544228210689, 0.12555307237539895, 0.12583573780943713, 0.12668721485810758, 0.12690151156933335, 0.1277190235622127, 0.12894006150324674, 0.1310993023846276, 0.13262399943597694, 0.1403347559985986, 0.15137348092735184, 0.16034566165420686, 0.1729264475424367, 0.1845638834038037, 0.19738913874076117, 0.20653495925220797, 0.20969698941464002, 0.21060072420142487, 0.2119565054798598, 0.22835978723085348, 0.28217297019773974, 0.3536114555098558, 0.4553068099216465, 0.6140207537244251]}, "balancing": {"SOC_offset": 1.0, "SOC_scale": 1.0}, "optimize_result": {"nit": 114, "nfev": 1221, "njev": 111, "nhev": 0, "cg_niter": 523, "cg_stop_cond": 1, "fun": 0.05245717161697665, "grad": [-0.036034979476287456, 0.42325282255530144, 0.39667286345653197, 1.452513281950688e-09, -2.1202564061275704e-07, 0.18669809570910245, 5.764120804151157e-08, 1.407573211179323e-07, -1.378163902236256e-06, -3.488522008767969e-09], "lagrangian_grad": [1.722233466949774e-14, -1.1657341758564144e-15, 2.220446049250313e-16, -3.0163872839161415e-09, -3.9224712930178015e-10, -1.1379786002407855e-15, 2.1456051212252193e-09, 2.1110286354799378e-09, 1.2600905126054485e-10, 1.558837736562135e-09], "constr": [[0.7475970059237653], [-8.739442645993765e-07, 1.0000000907519606, 0.11789910897556077, 10.101875195840398, 0.5771945488092826, 0.228360036975706, 0.9542280588719777, 0.17040245711448282, 0.08772221351583766, 90.90524468690134]], "jac": [[[0.0, 0.0, 0.0, 0.0, 1.0, 0.0, 0.0, 1.0, 0.0, 0.0]], [[1.0, 0.0, 0.0, 0.0, 0.0, 0.0, 0.0, 0.0, 0.0, 0.0], [0.0, 1.0, 0.0, 0.0, 0.0, 0.0, 0.0, 0.0, 0.0, 0.0], [0.0, 0.0, 1.0, 0.0, 0.0, 0.0, 0.0, 0.0, 0.0, 0.0], [0.0, 0.0, 0.0, 1.0, 0.0, 0.0, 0.0, 0.0, 0.0, 0.0], [0.0, 0.0, 0.0, 0.0, 1.0, 0.0, 0.0, 0.0, 0.0, 0.0], [0.0, 0.0, 0.0, 0.0, 0.0, 1.0, 0.0, 0.0, 0.0, 0.0], [0.0, 0.0, 0.0, 0.0, 0.0, 0.0, 1.0, 0.0, 0.0, 0.0], [0.0, 0.0, 0.0, 0.0, 0.0, 0.0, 0.0, 1.0, 0.0, 0.0], [0.0, 0.0, 0.0, 0.0, 0.0, 0.0, 0.0, 0.0, 1.0, 0.0], [0.0, 0.0, 0.0, 0.0, 0.0, 0.0, 0.0, 0.0, 0.0, 1.0]]], "constr_nfev": [0, 0], "constr_njev": [0, 0], "constr_nhev": [0, 0], "v": [[1.7587084709673701e-07], [0.03603497947630468, -0.4232528225553026, -0.39667286345653174, -4.4689005658668295e-09, 3.576254638671825e-08, -0.1866980957091036, -5.549560292028635e-08, -3.145171395791894e-07, 1.3782899112875166e-06, 5.047359745330104e-09]], "method": "tr_interior_point", "x": [9.075187306504422e-08, 0.9999991260565786, 0.11789910897556077, -1.798653353715041, 0.5771945488092826, 0.228360036975706, -0.5754982719681626, 0.17040245711448282, 0.08772221351583766, -37.01366856107025], "optimality": 3.0163872839161415e-09, "constr_violation": 0.0, "execution_time": 0.9628827571868896, "tr_radius": 268.5384682646134, "constr_penalty": 1.0, "barrier_parameter": 5.120000000000003e-08, "barrier_tolerance": 5.120000000000003e-08, "status": 1, "niter": 114, "success": true, "message": "`gtol` termination condition is satisfied."}, "spline": {"knots": [0.001, 0.011030150753768845, 0.02106030150753769, 0.03610552763819096, 0.06619597989949749, 0.12637688442211056, 0.19157286432160803, 0.2517537688442211, 0.5025075376884423, 0.6278844221105527, 0.7532613065326633, 0.8184572864321608, 0.8786381909547738, 0.938819095477387, 0.9689095477386934, 0.9839547738693467, 0.9939849246231156, 0.999], "coefficients": [0.45621555866669783, 0.3592286087003337, 0.3292950371601436, 0.29737164509205316, 0.26561138570202636, 0.21471893505976067, 0.15933519833130505, 0.14417632715602613, 0.12285668644944746, 0.10714401062368381, 0.08688528325824554, 0.08862177309452925, 0.0868341646768946, 0.08695180448026266, 0.08334537524174088, 0.06880183325864622, 0.06173914446082689, 0.03050433164393435, -0.004201475189441689]},