{"SOC [C]": [0.16791548699539935, 0.3358307710343691, 0.5037460754532523, 0.671661481425296, 0.839578131604962, 1.0074936318635095, 1.1754092776433935, 1.3433248370859794, 1.5112420340135257, 1.6791575648788666, 1.8470733531319279, 2.0149892422836713, 2.182904997635873, 2.3508205701076257, 2.5187365178486507, 2.6866525468616063, 2.8545683616704354, 3.022484036093101, 3.190400103005625, 3.3583160666989103, 3.5262318988931534, 3.694147978063012, 3.862063698799906, 4.029979768484759, 4.197895747443142, 4.365811715518219, 4.53372754134726, 4.701643570206721, 4.869559731714542, 5.037475450884909, 5.205391245001712, 5.3733071707875775, 5.541222950372378, 5.709138611222813, 5.877054786205082, 6.04497084810737, 6.212886756968696, 6.380802891168556, 6.548718852191754, 6.716634927942944, 6.884551304900457, 7.052467706258832, 7.220384071382938, 7.388300428287477, 7.556216663921308, 7.724132932868597, 7.892048966691128, 8.059965210194996, 8.227880713403483, 8.395796507245688, 8.563712224431551, 8.731627639652416, 8.899543054531394, 9.067458423289679, 9.235374250397104, 9.403289728424628, 9.571205074093324, 9.73912071092094, 9.907037487967205, 10.074953061997714, 10.242868803507058, 10.410784231741856, 10.578699670848593, 10.746615448147121, 10.91453091153923, 11.082446716480932, 11.250362258786284, 11.418278063098343, 11.586193840914783, 11.653630708862913], "OCV [V]": [0.05781070439963496, 0.07589744988933052, 0.08388885608004923, 0.08769206349675357, 0.0894007563505871, 0.09026752834781689, 0.0908905512266379, 0.0910935641327476, 0.09165443902474366, 0.0917728107749179, 0.09184671997119731, 0.09198841674596434, 0.0924215074560754, 0.09212752487285743, 0.09257253477935269, 0.09245538438729622, 0.0927718178613255, 0.09270072323823805, 0.09250734428800234, 0.09240378563892446, 0.09296658132690896, 0.0929546256051895, 0.09290459807073961, 0.09291563928298832, 0.09292156563977373, 0.09304905484050187, 0.09340534021393919, 0.09359601223758245, 0.09359912914486762, 0.09473063567222317, 0.09745328131409832, 0.10813727250780324, 0.12287750913113381, 0.12913910983835844, 0.13115710871135464, 0.13116156887442942, 0.13202623051081927, 0.1326882084874983, 0.13287924536755394, 0.13272304587739542, 0.13304231319748167, 0.1314979256108592, 0.13319229888408007, 0.13312244982454202, 0.13338948026772096, 0.13366833340328038, 0.13386631692931727, 0.13600660927272426, 0.1391930841046369, 0.14218763803878584, 0.14560786193409456, 0.15206485650086674, 0.15953287752633408, 0.16549240363201365, 0.17361186717699145, 0.18722928304545888, 0.19979255076304883, 0.2156409457104837, 0.21788467454161725, 0.21873950186604169, 0.2202982023428505, 0.22280364286236992, 0.23889872581393348, 0.29686664772564275, 0.3764518711552438, 0.4828569913708412, 0.6365711532523418, 0.8255808003661544, 0.9715032366972008, 1.0278915200801566], "indices": [1, 3, 5, 7, 9, 11, 13, 15, 17, 19, 21, 23, 25, 27, 29, 31, 33, 35, 37, 39, 41, 43, 45, 47, 49, 51, 53, 55, 57, 59, 61, 63, 65, 67, 69, 71, 73, 75, 77, 79, 81, 83, 85, 87, 89, 91, 93, 95, 97, 99, 101, 103, 105, 107, 109, 111, 113, 115, 117, 119, 121, 123, 125, 127, 129, 131, 133, 135, 137, 139], "Negative electrode SOC [-]": [0.949495181582771, 0.9356140513821064, 0.921732919496686, 0.9078517792161237, 0.8939705360800762, 0.8800893880050882, 0.8662082279002206, 0.852327074932638, 0.8384457865983317, 0.8245646359931575, 0.8106834641103942, 0.7968022838865927, 0.7829211147236599, 0.7690399606789895, 0.7551587756117609, 0.7412775838259885, 0.7273964097479271, 0.7135152472752335, 0.6996340523563996, 0.6857528659704385, 0.6718716904551691, 0.6579904945230527, 0.6441093282216793, 0.6302281330736642, 0.6163469454257761, 0.6024657586775832, 0.5885845836885089, 0.5747033919154253, 0.5608221891766386, 0.5469410230047661, 0.533059850637262, 0.519178667385011, 0.5052974962188306, 0.49141633486811875, 0.47753513101543366, 0.4636539365107834, 0.44977275465764094, 0.435891554176334, 0.4220103680111021, 0.4081291723615984, 0.39424795181213257, 0.3803667292455095, 0.3664855096742815, 0.3526042907825442, 0.3387230819159484, 0.32484187029541367, 0.3109606781120457, 0.29707946859485396, 0.2831983202760018, 0.26931714793119793, 0.25543598192337935, 0.24155484087824056, 0.22767369986136457, 0.21379256265716923, 0.19991138756241422, 0.1860302413252083, 0.1721491060297707, 0.15826794666496444, 0.14438669304117727, 0.13050553886764835, 0.11662437084906939, 0.10274322872810167, 0.0888620857083784, 0.07498091473119839, 0.061099769703865096, 0.04721859644149418, 0.03333744489060341, 0.019456271680283417, 0.005575100660288949, 2.6600678733843194e-07]}