{"fit": {"parameters": [0.4257466489124631, -0.14440360584545286, 0.11928554913890137, 0.13316486506901118, -0.9174853472627347, 0.596841779753058, 0.09232979332457521, -18.03982991722663, 0.2838726711080407], "SOC_range": [2.6600678733843194e-07, 0.949495181582771], "E_0": [0.4257466489124631, 0.13316486506901118, 0.09232979332457521], "a": [-0.14440360584545286, -0.9174853472627347, -18.03982991722663], "\u0394x": [0.11928554913890137, 0.596841779753058, 0.2838726711080407]}, "data": {"SOC": [1.0, 0.9941286313785895, 0.9795090996757011, 0.9648895656659804, 0.950270054467787, 0.9356505204032467, 0.9210310160756088, 0.9064114844178122, 0.8917919822045721, 0.8771724809378938, 0.8625529523960708, 0.8479334384357371, 0.8333138197352341, 0.8186943003074911, 0.8040748062294033, 0.7894553006275378, 0.7748357646331461, 0.7602162685447708, 0.7455967684409125, 0.730977268307288, 0.7163577418831808, 0.7017382087850144, 0.6871187009907767, 0.6724991287429662, 0.6578795747509921, 0.6432600002879587, 0.6286404287253504, 0.6140208466043481, 0.5994012637677119, 0.5847816777763509, 0.570162093909443, 0.555542536266964, 0.5409229886132398, 0.5263034258819468, 0.5116838827696787, 0.4970643263329497, 0.4824447600509497, 0.4678252385316679, 0.45320570667481774, 0.43858616208902024, 0.42396662896694615, 0.40934710237005867, 0.394727537261207, 0.380107983701341, 0.3654884478182513, 0.35086889955055756, 0.33624935033531245, 0.32162979322099705, 0.30701026648772045, 0.2923907085475962, 0.2777711721103223, 0.26315162422412797, 0.24853206735118438, 0.2339125446502408, 0.21929300972662225, 0.20467345615339239, 0.19005390965607605, 0.17543439583145504, 0.1608148660844082, 0.14619532468814822, 0.13157579207659897, 0.1169562818744263, 0.10233662661709853, 0.08771711392685744, 0.07309759371968816, 0.058478086182286115, 0.04385847852738167, 0.029238979199002646, 0.014619488712316109, 0.0], "OCV": [0.05781070439963496, 0.07589744988933052, 0.08388885608004923, 0.08769206349675357, 0.0894007563505871, 0.09026752834781689, 0.0908905512266379, 0.0910935641327476, 0.09165443902474366, 0.0917728107749179, 0.09184671997119731, 0.09198841674596434, 0.0924215074560754, 0.09212752487285743, 0.09257253477935269, 0.09245538438729622, 0.0927718178613255, 0.09270072323823805, 0.09250734428800234, 0.09240378563892446, 0.09296658132690896, 0.0929546256051895, 0.09290459807073961, 0.09291563928298832, 0.09292156563977373, 0.09304905484050187, 0.09340534021393919, 0.09359601223758245, 0.09359912914486762, 0.09473063567222317, 0.09745328131409832, 0.10813727250780324, 0.12287750913113381, 0.12913910983835844, 0.13115710871135464, 0.13116156887442942, 0.13202623051081927, 0.1326882084874983, 0.13287924536755394, 0.13272304587739542, 0.13304231319748167, 0.1314979256108592, 0.13319229888408007, 0.13312244982454202, 0.13338948026772096, 0.13366833340328038, 0.13386631692931727, 0.13600660927272426, 0.1391930841046369, 0.14218763803878584, 0.14560786193409456, 0.15206485650086674, 0.15953287752633408, 0.16549240363201365, 0.17361186717699145, 0.18722928304545888, 0.19979255076304883, 0.2156409457104837, 0.21788467454161725, 0.21873950186604169, 0.2202982023428505, 0.22280364286236992, 0.23889872581393348, 0.29686664772564275, 0.3764518711552438, 0.4828569913708412, 0.6365711532523418, 0.8255808003661544, 0.9715032366972008, 1.0278915200801566]}, "balancing": {"SOC_offset": 1.0, "SOC_scale": 1.0}, "optimize_result": {"nit": 110, "nfev": 1122, "njev": 102, "nhev": 0, "cg_niter": 542, "cg_stop_cond": 4, "fun": 0.0660378757702254, "grad": [0.09061232358062794, 0.06025514324783286, 2.6443499649114243e-07, 6.005950967177572e-08, 5.252547593981251e-08, 9.651679286999802e-07, 3.667791308646288e-09, -5.711705636127249e-08, -1.91145384027354e-07, -3.552910876811485e-09], "lagrangian_grad": [2.8449465006019636e-15, 1.8457457784393227e-15, 1.774949213168442e-10, -2.5477194649175553e-11, 2.7508801125923416e-10, 3.407025092686802e-12, 1.7908711432785512e-09, -7.249153416300408e-10, 3.3043135642831965e-11, -3.5514646669287268e-09], "constr": [[0.7161273288919593], [-0.053191246828943446, 1.0000002801560945, 0.4257466489124631, 0.16760932543723855, 0.11928554913890137, 0.13316486506901118, 5.328324425672722, 0.596841779753058, 0.09232979332457521, 49.82970647675326]], "jac": [[[0.0, 0.0, 0.0, 0.0, 1.0, 0.0, 0.0, 1.0, 0.0, 0.0]], [[1.0, 0.0, 0.0, 0.0, 0.0, 0.0, 0.0, 0.0, 0.0, 0.0], [0.0, 1.0, 0.0, 0.0, 0.0, 0.0, 0.0, 0.0, 0.0, 0.0], [0.0, 0.0, 1.0, 0.0, 0.0, 0.0, 0.0, 0.0, 0.0, 0.0], [0.0, 0.0, 0.0, 1.0, 0.0, 0.0, 0.0, 0.0, 0.0, 0.0], [0.0, 0.0, 0.0, 0.0, 1.0, 0.0, 0.0, 0.0, 0.0, 0.0], [0.0, 0.0, 0.0, 0.0, 0.0, 1.0, 0.0, 0.0, 0.0, 0.0], [0.0, 0.0, 0.0, 0.0, 0.0, 0.0, 1.0, 0.0, 0.0, 0.0], [0.0, 0.0, 0.0, 0.0, 0.0, 0.0, 0.0, 1.0, 0.0, 0.0], [0.0, 0.0, 0.0, 0.0, 0.0, 0.0, 0.0, 0.0, 1.0, 0.0], [0.0, 0.0, 0.0, 0.0, 0.0, 0.0, 0.0, 0.0, 0.0, 1.0]]], "constr_nfev": [0, 0], "constr_njev": [0, 0], "constr_nhev": [0, 0], "v": [[4.165462441356263e-08], [-0.0906123235806251, -0.06025514324783102, -2.642575015698256e-07, -6.00849868664249e-08, -9.39050123421159e-08, -9.651645216748875e-07, -1.8769201653677368e-09, 1.4737516606079818e-08, 1.9117842716299683e-07, 1.4462098827584978e-12]], "method": "tr_interior_point", "x": [2.6600678733843194e-07, 0.949495181582771, 0.4257466489124631, -0.14440360584545286, 0.11928554913890137, 0.13316486506901118, -0.9174853472627347, 0.596841779753058, 0.09232979332457521, -18.03982991722663], "optimality": 3.5514646669287268e-09, "constr_violation": 0.0, "execution_time": 0.7901923656463623, "tr_radius": 15315.030408646347, "constr_penalty": 1.0, "barrier_parameter": 1.0240000000000006e-08, "barrier_tolerance": 1.0240000000000006e-08, "status": 1, "niter": 110, "success": true, "message": "`gtol` termination condition is satisfied."}, "spline": {"knots": [0.001, 0.006015075376884422, 0.011030150753768845, 0.02106030150753769, 0.03610552763819096, 0.06619597989949749, 0.08124120603015075, 0.09628643216080401, 0.12637688442211056, 0.2517537688442211, 0.5025075376884423, 0.5677035175879397, 0.6278844221105527, 0.7532613065326633, 0.8786381909547738, 0.9087286432160804, 0.938819095477387, 0.9689095477386934, 0.9839547738693467, 0.9939849246231156, 0.999], "coefficients": [1.2744738876077386, 1.0310399989745573, 0.8688397113108816, 0.7511319693202317, 0.6237730110348906, 0.4745241755642148, 0.34124467667212594, 0.2635602232538668, 0.21926829067829717, 0.1742645944881505, 0.13736558974333746, 0.1062688811311867, 0.09423768216408343, 0.0932927104209882, 0.09094671480466619, 0.08667142484350522, 0.07246620699332226, 0.057180010211550704, 0.02633200440435415, -0.004199533574763517, -0.151415554482407, -0.42263960725987787]},